{"cameraMode":{"drawMode":0,"name":"Shaded","section":"Shading Mode"},"sceneLighting":true,"audioPlay":false,"sceneViewState":{"showFog":true,"showMaterialUpdate":false,"showSkybox":true,"showFlares":true,"showImageEffects":true,"showParticleSystems":true},"in2DMode":false,"pivot":{"x":-17.005290985107423,"y":250.1248779296875,"z":32.480735778808597},"rotation":{"x":0.4934036135673523,"y":-0.2473672479391098,"z":-0.14875440299510957,"w":-0.8205138444900513},"size":101.03279876708985,"orthographic":false}