{"cameraMode":{"drawMode":0,"name":"Shaded","section":"Shading Mode"},"sceneLighting":false,"audioPlay":false,"sceneViewState":{"showFog":true,"showMaterialUpdate":false,"showSkybox":false,"showFlares":true,"showImageEffects":true,"showParticleSystems":true},"in2DMode":false,"pivot":{"x":1.9492206573486329,"y":-0.1989293098449707,"z":0.9123677015304565},"rotation":{"x":-0.5905058979988098,"y":0.08790871500968933,"z":-0.06491944938898087,"w":-0.7996044158935547},"size":2.7360007762908937,"orthographic":false}