{"cameraMode":{"drawMode":0,"name":"Shaded","section":"Shading Mode"},"sceneLighting":false,"audioPlay":false,"sceneViewState":{"showFog":true,"showMaterialUpdate":false,"showSkybox":false,"showFlares":true,"showImageEffects":true,"showParticleSystems":true},"in2DMode":false,"pivot":{"x":1.499999761581421,"y":0.0,"z":1.5000004768371583},"rotation":{"x":-0.5804216265678406,"y":0.02564087137579918,"z":-0.01828852668404579,"w":-0.8137094378471375},"size":2.1360020637512209,"orthographic":false}